period,formation_start,formation_end,estimation_start,estimation_end,testing_start,testing_end,available,meeting_requirement,fm_available,fm_meeting_requirement,available_minus_fm,meeting_minus_fm
1,1926,1929,1930,1934,1935,1938,710,413,710,435,0,-22
2,1927,1933,1934,1938,1939,1942,776,580,779,576,-3,4
3,1931,1937,1938,1942,1943,1946,802,606,804,607,-2,-1
4,1935,1941,1942,1946,1947,1950,908,709,908,704,0,5
5,1939,1945,1946,1950,1951,1954,1013,755,1011,751,2,4
6,1943,1949,1950,1954,1955,1958,1052,811,1053,802,-1,9
7,1947,1953,1954,1958,1959,1962,1066,861,1065,856,1,5
8,1951,1957,1958,1962,1963,1966,1166,864,1162,858,4,6
9,1955,1961,1962,1966,1967,1968,1266,848,1261,845,5,3
